h5_filename,expected_splits_stem
sub-A1H3H9Y3T1_ses-01_task-dailyroutine_run-01_desc-processed_COI_bboxes.h5,sub-A1H3H9Y3T1_ses-01_task-dailyroutine_run-01_desc-processed_beh
sub-A1H3H9Y3T1_ses-01_task-generalsocialcommunicationinteraction_run-02_desc-processed_COI_bboxes.h5,sub-A1H3H9Y3T1_ses-01_task-generalsocialcommunicationinteraction_run-02_desc-processed_beh
sub-A1H3H9Y3T1_ses-01_task-generalsocialcommunicationinteraction_run-04_desc-processed_COI_bboxes.h5,sub-A1H3H9Y3T1_ses-01_task-generalsocialcommunicationinteraction_run-04_desc-processed_beh
sub-A1H3H9Y3T1_ses-01_task-generalsocialcommunicationinteraction_run-05_desc-processed_COI_bboxes.h5,sub-A1H3H9Y3T1_ses-01_task-generalsocialcommunicationinteraction_run-05_desc-processed_beh
sub-A1H3H9Y3T1_ses-01_task-generalsocialcommunicationinteraction_run-07_desc-processed_COI_bboxes.h5,sub-A1H3H9Y3T1_ses-01_task-generalsocialcommunicationinteraction_run-07_desc-processed_beh
sub-A1H3H9Y3T1_ses-01_task-socialroutine_run-01_desc-processed_COI_bboxes.h5,sub-A1H3H9Y3T1_ses-01_task-socialroutine_run-01_desc-processed_beh
sub-A1H3H9Y3T1_ses-02_task-dailyroutine_run-01_desc-processed_COI_bboxes.h5,sub-A1H3H9Y3T1_ses-02_task-dailyroutine_run-01_desc-processed_beh
sub-A1H3H9Y3T1_ses-02_task-generalsocialcommunicationinteraction_run-03_desc-processed_COI_bboxes.h5,sub-A1H3H9Y3T1_ses-02_task-generalsocialcommunicationinteraction_run-03_desc-processed_beh
sub-A1H3H9Y3T1_ses-02_task-generalsocialcommunicationinteraction_run-04_desc-processed_COI_bboxes.h5,sub-A1H3H9Y3T1_ses-02_task-generalsocialcommunicationinteraction_run-04_desc-processed_beh
sub-A1H3H9Y3T1_ses-02_task-generalsocialcommunicationinteraction_run-05_desc-processed_COI_bboxes.h5,sub-A1H3H9Y3T1_ses-02_task-generalsocialcommunicationinteraction_run-05_desc-processed_beh
sub-A2L1R9Y7C8_ses-01_task-unknown_run-01_desc-processed_COI_bboxes.h5,sub-A2L1R9Y7C8_ses-01_task-unknown_run-01_desc-processed_beh
sub-A2L1R9Y7C8_ses-01_task-unknown_run-02_desc-processed_COI_bboxes.h5,sub-A2L1R9Y7C8_ses-01_task-unknown_run-02_desc-processed_beh
sub-A2L1R9Y7C8_ses-01_task-unknown_run-03_desc-processed_COI_bboxes.h5,sub-A2L1R9Y7C8_ses-01_task-unknown_run-03_desc-processed_beh
sub-A2L1R9Y7C8_ses-01_task-unknown_run-04_desc-processed_COI_bboxes.h5,sub-A2L1R9Y7C8_ses-01_task-unknown_run-04_desc-processed_beh
sub-A2L1R9Y7C8_ses-02_task-unknown_run-01_desc-processed_COI_bboxes.h5,sub-A2L1R9Y7C8_ses-02_task-unknown_run-01_desc-processed_beh
sub-A2L1R9Y7C8_ses-02_task-unknown_run-02_desc-processed_COI_bboxes.h5,sub-A2L1R9Y7C8_ses-02_task-unknown_run-02_desc-processed_beh
sub-A2M5H0V6E3_ses-01_task-dailyroutine_run-01_desc-processed_COI_bboxes.h5,sub-A2M5H0V6E3_ses-01_task-dailyroutine_run-01_desc-processed_beh
sub-A2M5H0V6E3_ses-01_task-dailyroutine_run-02_desc-processed_COI_bboxes.h5,sub-A2M5H0V6E3_ses-01_task-dailyroutine_run-02_desc-processed_beh
sub-A2M5H0V6E3_ses-01_task-dailyroutine_run-03_desc-processed_COI_bboxes.h5,sub-A2M5H0V6E3_ses-01_task-dailyroutine_run-03_desc-processed_beh
sub-A2M5H0V6E3_ses-01_task-dailyroutine_run-04_desc-processed_COI_bboxes.h5,sub-A2M5H0V6E3_ses-01_task-dailyroutine_run-04_desc-processed_beh
sub-A2M5H0V6E3_ses-01_task-generalsocialcommunicationinteraction_run-01_desc-processed_COI_bboxes.h5,sub-A2M5H0V6E3_ses-01_task-generalsocialcommunicationinteraction_run-01_desc-processed_beh
sub-A2M5H0V6E3_ses-01_task-generalsocialcommunicationinteraction_run-03_desc-processed_COI_bboxes.h5,sub-A2M5H0V6E3_ses-01_task-generalsocialcommunicationinteraction_run-03_desc-processed_beh
sub-A2M5H0V6E3_ses-01_task-generalsocialcommunicationinteraction_run-07_desc-processed_COI_bboxes.h5,sub-A2M5H0V6E3_ses-01_task-generalsocialcommunicationinteraction_run-07_desc-processed_beh
sub-A2M5H0V6E3_ses-01_task-generalsocialcommunicationinteraction_run-08_desc-processed_COI_bboxes.h5,sub-A2M5H0V6E3_ses-01_task-generalsocialcommunicationinteraction_run-08_desc-processed_beh
sub-A2M5H0V6E3_ses-01_task-other_run-01_desc-processed_COI_bboxes.h5,sub-A2M5H0V6E3_ses-01_task-other_run-01_desc-processed_beh
sub-A2M5H0V6E3_ses-01_task-toyplay_run-01_desc-processed_COI_bboxes.h5,sub-A2M5H0V6E3_ses-01_task-toyplay_run-01_desc-processed_beh
sub-A2M5H0V6E3_ses-02_task-motorplay_run-01_desc-processed_COI_bboxes.h5,sub-A2M5H0V6E3_ses-02_task-motorplay_run-01_desc-processed_beh
sub-A2M5H0V6E3_ses-02_task-motorplay_run-02_desc-processed_COI_bboxes.h5,sub-A2M5H0V6E3_ses-02_task-motorplay_run-02_desc-processed_beh
sub-A2M5H0V6E3_ses-02_task-other_run-01_desc-processed_COI_bboxes.h5,sub-A2M5H0V6E3_ses-02_task-other_run-01_desc-processed_beh
sub-A2M5H0V6E3_ses-02_task-toyplay_run-01_desc-processed_COI_bboxes.h5,sub-A2M5H0V6E3_ses-02_task-toyplay_run-01_desc-processed_beh
sub-A2M5H0V6E3_ses-02_task-unknown_run-01_desc-processed_COI_bboxes.h5,sub-A2M5H0V6E3_ses-02_task-unknown_run-01_desc-processed_beh
sub-A2P7X9N8L7_ses-01_task-dailyroutine_run-01_desc-processed_COI_bboxes.h5,sub-A2P7X9N8L7_ses-01_task-dailyroutine_run-01_desc-processed_beh
sub-A2P7X9N8L7_ses-01_task-dailyroutine_run-02_desc-processed_COI_bboxes.h5,sub-A2P7X9N8L7_ses-01_task-dailyroutine_run-02_desc-processed_beh
sub-A2P7X9N8L7_ses-01_task-generalsocialcommunicationinteraction_run-01_desc-processed_COI_bboxes.h5,sub-A2P7X9N8L7_ses-01_task-generalsocialcommunicationinteraction_run-01_desc-processed_beh
sub-A2P7X9N8L7_ses-01_task-generalsocialcommunicationinteraction_run-03_desc-processed_COI_bboxes.h5,sub-A2P7X9N8L7_ses-01_task-generalsocialcommunicationinteraction_run-03_desc-processed_beh
sub-A2P7X9N8L7_ses-01_task-generalsocialcommunicationinteraction_run-04_desc-processed_COI_bboxes.h5,sub-A2P7X9N8L7_ses-01_task-generalsocialcommunicationinteraction_run-04_desc-processed_beh
sub-A2P7X9N8L7_ses-01_task-generalsocialcommunicationinteraction_run-05_desc-processed_COI_bboxes.h5,sub-A2P7X9N8L7_ses-01_task-generalsocialcommunicationinteraction_run-05_desc-processed_beh
sub-A2P7X9N8L7_ses-01_task-specialoccasion_run-01_desc-processed_COI_bboxes.h5,sub-A2P7X9N8L7_ses-01_task-specialoccasion_run-01_desc-processed_beh
sub-A2P7X9N8L7_ses-01_task-specialoccasion_run-02_desc-processed_COI_bboxes.h5,sub-A2P7X9N8L7_ses-01_task-specialoccasion_run-02_desc-processed_beh
sub-A2P7X9N8L7_ses-01_task-toyplay_run-01_desc-processed_COI_bboxes.h5,sub-A2P7X9N8L7_ses-01_task-toyplay_run-01_desc-processed_beh
sub-A2P7X9N8L7_ses-01_task-unknown_run-01_desc-processed_COI_bboxes.h5,sub-A2P7X9N8L7_ses-01_task-unknown_run-01_desc-processed_beh
sub-A2P7X9N8L7_ses-02_task-generalsocialcommunicationinteraction_run-01_desc-processed_COI_bboxes.h5,sub-A2P7X9N8L7_ses-02_task-generalsocialcommunicationinteraction_run-01_desc-processed_beh
sub-A2P7X9N8L7_ses-02_task-generalsocialcommunicationinteraction_run-03_desc-processed_COI_bboxes.h5,sub-A2P7X9N8L7_ses-02_task-generalsocialcommunicationinteraction_run-03_desc-processed_beh
sub-A2P7X9N8L7_ses-02_task-generalsocialcommunicationinteraction_run-04_desc-processed_COI_bboxes.h5,sub-A2P7X9N8L7_ses-02_task-generalsocialcommunicationinteraction_run-04_desc-processed_beh
sub-A2P7X9N8L7_ses-02_task-motorplay_run-01_desc-processed_COI_bboxes.h5,sub-A2P7X9N8L7_ses-02_task-motorplay_run-01_desc-processed_beh
sub-A2P7X9N8L7_ses-02_task-motorplay_run-04_desc-processed_COI_bboxes.h5,sub-A2P7X9N8L7_ses-02_task-motorplay_run-04_desc-processed_beh
sub-A2P7X9N8L7_ses-02_task-motorplay_run-05_desc-processed_COI_bboxes.h5,sub-A2P7X9N8L7_ses-02_task-motorplay_run-05_desc-processed_beh
sub-A3G3T7I1A5_ses-01_task-dailyroutine_run-01_desc-processed_COI_bboxes.h5,sub-A3G3T7I1A5_ses-01_task-dailyroutine_run-01_desc-processed_beh
sub-A3G3T7I1A5_ses-01_task-motorplay_run-01_desc-processed_COI_bboxes.h5,sub-A3G3T7I1A5_ses-01_task-motorplay_run-01_desc-processed_beh
sub-A3G3T7I1A5_ses-01_task-motorplay_run-02_desc-processed_COI_bboxes.h5,sub-A3G3T7I1A5_ses-01_task-motorplay_run-02_desc-processed_beh
sub-A3G3T7I1A5_ses-01_task-specialoccasion_run-01_desc-processed_COI_bboxes.h5,sub-A3G3T7I1A5_ses-01_task-specialoccasion_run-01_desc-processed_beh
sub-A3G3T7I1A5_ses-02_task-generalsocialcommunicationinteraction_run-01_desc-processed_COI_bboxes.h5,sub-A3G3T7I1A5_ses-02_task-generalsocialcommunicationinteraction_run-01_desc-processed_beh
sub-A3G3T7I1A5_ses-02_task-generalsocialcommunicationinteraction_run-03_desc-processed_COI_bboxes.h5,sub-A3G3T7I1A5_ses-02_task-generalsocialcommunicationinteraction_run-03_desc-processed_beh
sub-A3G3T7I1A5_ses-02_task-motorplay_run-01_desc-processed_COI_bboxes.h5,sub-A3G3T7I1A5_ses-02_task-motorplay_run-01_desc-processed_beh
sub-A4E8K1L5Y2_ses-02_task-dailyroutine_run-01_desc-processed_COI_bboxes.h5,sub-A4E8K1L5Y2_ses-02_task-dailyroutine_run-01_desc-processed_beh
sub-A4E8K1L5Y2_ses-02_task-generalsocialcommunicationinteraction_run-01_desc-processed_COI_bboxes.h5,sub-A4E8K1L5Y2_ses-02_task-generalsocialcommunicationinteraction_run-01_desc-processed_beh
sub-A4E8K1L5Y2_ses-02_task-generalsocialcommunicationinteraction_run-02_desc-processed_COI_bboxes.h5,sub-A4E8K1L5Y2_ses-02_task-generalsocialcommunicationinteraction_run-02_desc-processed_beh
sub-A4E8K1L5Y2_ses-02_task-generalsocialcommunicationinteraction_run-03_desc-processed_COI_bboxes.h5,sub-A4E8K1L5Y2_ses-02_task-generalsocialcommunicationinteraction_run-03_desc-processed_beh
sub-A4E8K1L5Y2_ses-02_task-generalsocialcommunicationinteraction_run-07_desc-processed_COI_bboxes.h5,sub-A4E8K1L5Y2_ses-02_task-generalsocialcommunicationinteraction_run-07_desc-processed_beh
sub-A4E8K1L5Y2_ses-02_task-generalsocialcommunicationinteraction_run-08_desc-processed_COI_bboxes.h5,sub-A4E8K1L5Y2_ses-02_task-generalsocialcommunicationinteraction_run-08_desc-processed_beh
sub-A4E8K1L5Y2_ses-02_task-motorplay_run-01_desc-processed_COI_bboxes.h5,sub-A4E8K1L5Y2_ses-02_task-motorplay_run-01_desc-processed_beh
sub-A4E8K1L5Y2_ses-02_task-other_run-02_desc-processed_COI_bboxes.h5,sub-A4E8K1L5Y2_ses-02_task-other_run-02_desc-processed_beh
sub-A4E8K1L5Y2_ses-02_task-other_run-03_desc-processed_COI_bboxes.h5,sub-A4E8K1L5Y2_ses-02_task-other_run-03_desc-processed_beh
sub-A4E8K1L5Y2_ses-02_task-socialroutine_run-01_desc-processed_COI_bboxes.h5,sub-A4E8K1L5Y2_ses-02_task-socialroutine_run-01_desc-processed_beh
sub-A4E8K1L5Y2_ses-02_task-toyplay_run-01_desc-processed_COI_bboxes.h5,sub-A4E8K1L5Y2_ses-02_task-toyplay_run-01_desc-processed_beh
sub-A5S7G5T0S5_ses-01_task-generalsocialcommunicationinteraction_run-01_desc-processed_COI_bboxes.h5,sub-A5S7G5T0S5_ses-01_task-generalsocialcommunicationinteraction_run-01_desc-processed_beh
sub-A5S7G5T0S5_ses-01_task-generalsocialcommunicationinteraction_run-02_desc-processed_COI_bboxes.h5,sub-A5S7G5T0S5_ses-01_task-generalsocialcommunicationinteraction_run-02_desc-processed_beh
sub-A5S7G5T0S5_ses-01_task-generalsocialcommunicationinteraction_run-03_desc-processed_COI_bboxes.h5,sub-A5S7G5T0S5_ses-01_task-generalsocialcommunicationinteraction_run-03_desc-processed_beh
sub-A5S7G5T0S5_ses-01_task-generalsocialcommunicationinteraction_run-04_desc-processed_COI_bboxes.h5,sub-A5S7G5T0S5_ses-01_task-generalsocialcommunicationinteraction_run-04_desc-processed_beh
sub-A5S7G5T0S5_ses-02_task-generalsocialcommunicationinteraction_run-03_desc-processed_COI_bboxes.h5,sub-A5S7G5T0S5_ses-02_task-generalsocialcommunicationinteraction_run-03_desc-processed_beh
sub-A5S7G5T0S5_ses-02_task-generalsocialcommunicationinteraction_run-04_desc-processed_COI_bboxes.h5,sub-A5S7G5T0S5_ses-02_task-generalsocialcommunicationinteraction_run-04_desc-processed_beh
sub-A5S7G5T0S5_ses-02_task-motorplay_run-01_desc-processed_COI_bboxes.h5,sub-A5S7G5T0S5_ses-02_task-motorplay_run-01_desc-processed_beh
sub-A5S7G5T0S5_ses-02_task-other_run-01_desc-processed_COI_bboxes.h5,sub-A5S7G5T0S5_ses-02_task-other_run-01_desc-processed_beh
sub-A5X1S7S1E7_ses-01_task-dailyroutine_run-01_desc-processed_COI_bboxes.h5,sub-A5X1S7S1E7_ses-01_task-dailyroutine_run-01_desc-processed_beh
sub-A5X1S7S1E7_ses-01_task-generalsocialcommunicationinteraction_run-01_desc-processed_COI_bboxes.h5,sub-A5X1S7S1E7_ses-01_task-generalsocialcommunicationinteraction_run-01_desc-processed_beh
sub-A5X1S7S1E7_ses-02_task-dailyroutine_run-01_desc-processed_COI_bboxes.h5,sub-A5X1S7S1E7_ses-02_task-dailyroutine_run-01_desc-processed_beh
sub-A5X1S7S1E7_ses-02_task-generalsocialcommunicationinteraction_run-01_desc-processed_COI_bboxes.h5,sub-A5X1S7S1E7_ses-02_task-generalsocialcommunicationinteraction_run-01_desc-processed_beh
sub-A5X1S7S1E7_ses-02_task-socialroutine_run-02_desc-processed_COI_bboxes.h5,sub-A5X1S7S1E7_ses-02_task-socialroutine_run-02_desc-processed_beh
sub-A5X1S7S1E7_ses-02_task-toyplay_run-02_desc-processed_COI_bboxes.h5,sub-A5X1S7S1E7_ses-02_task-toyplay_run-02_desc-processed_beh
sub-A5X1S7S1E7_ses-02_task-toyplay_run-03_desc-processed_COI_bboxes.h5,sub-A5X1S7S1E7_ses-02_task-toyplay_run-03_desc-processed_beh
sub-A6S0V1J3G6_ses-01_task-generalsocialcommunicationinteraction_run-01_desc-processed_COI_bboxes.h5,sub-A6S0V1J3G6_ses-01_task-generalsocialcommunicationinteraction_run-01_desc-processed_beh
sub-A6S0V1J3G6_ses-01_task-generalsocialcommunicationinteraction_run-02_desc-processed_COI_bboxes.h5,sub-A6S0V1J3G6_ses-01_task-generalsocialcommunicationinteraction_run-02_desc-processed_beh
sub-A6S0V1J3G6_ses-01_task-generalsocialcommunicationinteraction_run-03_desc-processed_COI_bboxes.h5,sub-A6S0V1J3G6_ses-01_task-generalsocialcommunicationinteraction_run-03_desc-processed_beh
sub-A6S0V1J3G6_ses-01_task-other_run-01_desc-processed_COI_bboxes.h5,sub-A6S0V1J3G6_ses-01_task-other_run-01_desc-processed_beh
sub-A6S0V1J3G6_ses-01_task-other_run-02_desc-processed_COI_bboxes.h5,sub-A6S0V1J3G6_ses-01_task-other_run-02_desc-processed_beh
sub-A6S0V1J3G6_ses-02_task-generalsocialcommunicationinteraction_run-01_desc-processed_COI_bboxes.h5,sub-A6S0V1J3G6_ses-02_task-generalsocialcommunicationinteraction_run-01_desc-processed_beh
sub-A6S0V1J3G6_ses-02_task-generalsocialcommunicationinteraction_run-02_desc-processed_COI_bboxes.h5,sub-A6S0V1J3G6_ses-02_task-generalsocialcommunicationinteraction_run-02_desc-processed_beh
sub-A6S0V1J3G6_ses-02_task-motorplay_run-03_desc-processed_COI_bboxes.h5,sub-A6S0V1J3G6_ses-02_task-motorplay_run-03_desc-processed_beh
sub-A6S0V1J3G6_ses-02_task-motorplay_run-04_desc-processed_COI_bboxes.h5,sub-A6S0V1J3G6_ses-02_task-motorplay_run-04_desc-processed_beh
sub-A6S0V1J3G6_ses-02_task-other_run-02_desc-processed_COI_bboxes.h5,sub-A6S0V1J3G6_ses-02_task-other_run-02_desc-processed_beh
sub-A6Y4Y7X2G1_ses-01_task-dailyroutine_run-01_desc-processed_COI_bboxes.h5,sub-A6Y4Y7X2G1_ses-01_task-dailyroutine_run-01_desc-processed_beh
sub-A6Y4Y7X2G1_ses-01_task-dailyroutine_run-02_desc-processed_COI_bboxes.h5,sub-A6Y4Y7X2G1_ses-01_task-dailyroutine_run-02_desc-processed_beh
sub-A6Y4Y7X2G1_ses-01_task-dailyroutine_run-04_desc-processed_COI_bboxes.h5,sub-A6Y4Y7X2G1_ses-01_task-dailyroutine_run-04_desc-processed_beh
sub-A6Y4Y7X2G1_ses-01_task-generalsocialcommunicationinteraction_run-03_desc-processed_COI_bboxes.h5,sub-A6Y4Y7X2G1_ses-01_task-generalsocialcommunicationinteraction_run-03_desc-processed_beh
sub-A6Y4Y7X2G1_ses-01_task-generalsocialcommunicationinteraction_run-06_desc-processed_COI_bboxes.h5,sub-A6Y4Y7X2G1_ses-01_task-generalsocialcommunicationinteraction_run-06_desc-processed_beh
sub-A6Y4Y7X2G1_ses-01_task-generalsocialcommunicationinteraction_run-07_desc-processed_COI_bboxes.h5,sub-A6Y4Y7X2G1_ses-01_task-generalsocialcommunicationinteraction_run-07_desc-processed_beh
sub-A6Y4Y7X2G1_ses-01_task-generalsocialcommunicationinteraction_run-08_desc-processed_COI_bboxes.h5,sub-A6Y4Y7X2G1_ses-01_task-generalsocialcommunicationinteraction_run-08_desc-processed_beh
sub-A6Y4Y7X2G1_ses-01_task-generalsocialcommunicationinteraction_run-10_desc-processed_COI_bboxes.h5,sub-A6Y4Y7X2G1_ses-01_task-generalsocialcommunicationinteraction_run-10_desc-processed_beh
sub-A6Y4Y7X2G1_ses-01_task-other_run-01_desc-processed_COI_bboxes.h5,sub-A6Y4Y7X2G1_ses-01_task-other_run-01_desc-processed_beh
sub-A6Y4Y7X2G1_ses-01_task-other_run-02_desc-processed_COI_bboxes.h5,sub-A6Y4Y7X2G1_ses-01_task-other_run-02_desc-processed_beh
sub-A6Y4Y7X2G1_ses-01_task-other_run-03_desc-processed_COI_bboxes.h5,sub-A6Y4Y7X2G1_ses-01_task-other_run-03_desc-processed_beh
sub-A6Y4Y7X2G1_ses-01_task-other_run-04_desc-processed_COI_bboxes.h5,sub-A6Y4Y7X2G1_ses-01_task-other_run-04_desc-processed_beh
sub-A6Y4Y7X2G1_ses-01_task-other_run-07_desc-processed_COI_bboxes.h5,sub-A6Y4Y7X2G1_ses-01_task-other_run-07_desc-processed_beh
sub-A6Y4Y7X2G1_ses-01_task-socialroutine_run-02_desc-processed_COI_bboxes.h5,sub-A6Y4Y7X2G1_ses-01_task-socialroutine_run-02_desc-processed_beh
sub-A6Y4Y7X2G1_ses-01_task-toyplay_run-03_desc-processed_COI_bboxes.h5,sub-A6Y4Y7X2G1_ses-01_task-toyplay_run-03_desc-processed_beh
sub-A6Y4Y7X2G1_ses-02_task-dailyroutine_run-01_desc-processed_COI_bboxes.h5,sub-A6Y4Y7X2G1_ses-02_task-dailyroutine_run-01_desc-processed_beh
sub-A6Y4Y7X2G1_ses-02_task-generalsocialcommunicationinteraction_run-02_desc-processed_COI_bboxes.h5,sub-A6Y4Y7X2G1_ses-02_task-generalsocialcommunicationinteraction_run-02_desc-processed_beh
sub-A6Y4Y7X2G1_ses-02_task-other_run-01_desc-processed_COI_bboxes.h5,sub-A6Y4Y7X2G1_ses-02_task-other_run-01_desc-processed_beh
sub-A6Y4Y7X2G1_ses-02_task-specialoccasion_run-02_desc-processed_COI_bboxes.h5,sub-A6Y4Y7X2G1_ses-02_task-specialoccasion_run-02_desc-processed_beh
sub-A6Y4Y7X2G1_ses-02_task-specialoccasion_run-05_desc-processed_COI_bboxes.h5,sub-A6Y4Y7X2G1_ses-02_task-specialoccasion_run-05_desc-processed_beh
sub-A6Y4Y7X2G1_ses-02_task-specialoccasion_run-06_desc-processed_COI_bboxes.h5,sub-A6Y4Y7X2G1_ses-02_task-specialoccasion_run-06_desc-processed_beh
sub-A6Z2B3J2A9_ses-01_task-generalsocialcommunicationinteraction_run-01_desc-processed_COI_bboxes.h5,sub-A6Z2B3J2A9_ses-01_task-generalsocialcommunicationinteraction_run-01_desc-processed_beh
sub-A6Z2B3J2A9_ses-01_task-motorplay_run-01_desc-processed_COI_bboxes.h5,sub-A6Z2B3J2A9_ses-01_task-motorplay_run-01_desc-processed_beh
sub-A6Z2B3J2A9_ses-01_task-socialroutine_run-01_desc-processed_COI_bboxes.h5,sub-A6Z2B3J2A9_ses-01_task-socialroutine_run-01_desc-processed_beh
sub-A6Z2B3J2A9_ses-01_task-toyplay_run-01_desc-processed_COI_bboxes.h5,sub-A6Z2B3J2A9_ses-01_task-toyplay_run-01_desc-processed_beh
sub-A6Z2B3J2A9_ses-02_task-generalsocialcommunicationinteraction_run-01_desc-processed_COI_bboxes.h5,sub-A6Z2B3J2A9_ses-02_task-generalsocialcommunicationinteraction_run-01_desc-processed_beh
sub-A6Z2B3J2A9_ses-02_task-generalsocialcommunicationinteraction_run-02_desc-processed_COI_bboxes.h5,sub-A6Z2B3J2A9_ses-02_task-generalsocialcommunicationinteraction_run-02_desc-processed_beh
sub-A6Z2B3J2A9_ses-02_task-specialoccasion_run-01_desc-processed_COI_bboxes.h5,sub-A6Z2B3J2A9_ses-02_task-specialoccasion_run-01_desc-processed_beh
sub-A6Z2B3J2A9_ses-02_task-toyplay_run-01_desc-processed_COI_bboxes.h5,sub-A6Z2B3J2A9_ses-02_task-toyplay_run-01_desc-processed_beh
sub-A8P5O6Z7X6_ses-01_task-bookshare_run-01_desc-processed_COI_bboxes.h5,sub-A8P5O6Z7X6_ses-01_task-bookshare_run-01_desc-processed_beh
sub-A8P5O6Z7X6_ses-01_task-dailyroutine_run-01_desc-processed_COI_bboxes.h5,sub-A8P5O6Z7X6_ses-01_task-dailyroutine_run-01_desc-processed_beh
sub-A8P5O6Z7X6_ses-01_task-motorplay_run-01_desc-processed_COI_bboxes.h5,sub-A8P5O6Z7X6_ses-01_task-motorplay_run-01_desc-processed_beh
sub-A8P5O6Z7X6_ses-01_task-motorplay_run-02_desc-processed_COI_bboxes.h5,sub-A8P5O6Z7X6_ses-01_task-motorplay_run-02_desc-processed_beh
sub-A8P5O6Z7X6_ses-01_task-specialoccasion_run-01_desc-processed_COI_bboxes.h5,sub-A8P5O6Z7X6_ses-01_task-specialoccasion_run-01_desc-processed_beh
sub-A8P5O6Z7X6_ses-01_task-toyplay_run-01_desc-processed_COI_bboxes.h5,sub-A8P5O6Z7X6_ses-01_task-toyplay_run-01_desc-processed_beh
sub-A8P5O6Z7X6_ses-01_task-toyplay_run-02_desc-processed_COI_bboxes.h5,sub-A8P5O6Z7X6_ses-01_task-toyplay_run-02_desc-processed_beh
sub-A8P5O6Z7X6_ses-01_task-toyplay_run-03_desc-processed_COI_bboxes.h5,sub-A8P5O6Z7X6_ses-01_task-toyplay_run-03_desc-processed_beh
sub-A8P5O6Z7X6_ses-02_task-generalsocialcommunicationinteraction_run-01_desc-processed_COI_bboxes.h5,sub-A8P5O6Z7X6_ses-02_task-generalsocialcommunicationinteraction_run-01_desc-processed_beh
sub-A8P5O6Z7X6_ses-02_task-generalsocialcommunicationinteraction_run-02_desc-processed_COI_bboxes.h5,sub-A8P5O6Z7X6_ses-02_task-generalsocialcommunicationinteraction_run-02_desc-processed_beh
sub-A8P5O6Z7X6_ses-02_task-generalsocialcommunicationinteraction_run-05_desc-processed_COI_bboxes.h5,sub-A8P5O6Z7X6_ses-02_task-generalsocialcommunicationinteraction_run-05_desc-processed_beh
sub-A8P5O6Z7X6_ses-02_task-motorplay_run-02_desc-processed_COI_bboxes.h5,sub-A8P5O6Z7X6_ses-02_task-motorplay_run-02_desc-processed_beh
sub-A8P5O6Z7X6_ses-02_task-toyplay_run-01_desc-processed_COI_bboxes.h5,sub-A8P5O6Z7X6_ses-02_task-toyplay_run-01_desc-processed_beh
sub-B1L0B3F6F1_ses-01_task-dailyroutine_run-01_desc-processed_COI_bboxes.h5,sub-B1L0B3F6F1_ses-01_task-dailyroutine_run-01_desc-processed_beh
sub-B1L0B3F6F1_ses-01_task-generalsocialcommunicationinteraction_run-01_desc-processed_COI_bboxes.h5,sub-B1L0B3F6F1_ses-01_task-generalsocialcommunicationinteraction_run-01_desc-processed_beh
sub-B1L0B3F6F1_ses-01_task-generalsocialcommunicationinteraction_run-05_desc-processed_COI_bboxes.h5,sub-B1L0B3F6F1_ses-01_task-generalsocialcommunicationinteraction_run-05_desc-processed_beh
sub-B1L0B3F6F1_ses-01_task-other_run-01_desc-processed_COI_bboxes.h5,sub-B1L0B3F6F1_ses-01_task-other_run-01_desc-processed_beh
sub-B1L0B3F6F1_ses-01_task-toyplay_run-01_desc-processed_COI_bboxes.h5,sub-B1L0B3F6F1_ses-01_task-toyplay_run-01_desc-processed_beh
sub-B1L0B3F6F1_ses-01_task-toyplay_run-04_desc-processed_COI_bboxes.h5,sub-B1L0B3F6F1_ses-01_task-toyplay_run-04_desc-processed_beh
sub-B1L0B3F6F1_ses-02_task-generalsocialcommunicationinteraction_run-01_desc-processed_COI_bboxes.h5,sub-B1L0B3F6F1_ses-02_task-generalsocialcommunicationinteraction_run-01_desc-processed_beh
sub-B1L0B3F6F1_ses-02_task-generalsocialcommunicationinteraction_run-02_desc-processed_COI_bboxes.h5,sub-B1L0B3F6F1_ses-02_task-generalsocialcommunicationinteraction_run-02_desc-processed_beh
sub-B1L0B3F6F1_ses-02_task-generalsocialcommunicationinteraction_run-03_desc-processed_COI_bboxes.h5,sub-B1L0B3F6F1_ses-02_task-generalsocialcommunicationinteraction_run-03_desc-processed_beh
sub-B1L0B3F6F1_ses-02_task-generalsocialcommunicationinteraction_run-04_desc-processed_COI_bboxes.h5,sub-B1L0B3F6F1_ses-02_task-generalsocialcommunicationinteraction_run-04_desc-processed_beh
sub-B1L0B3F6F1_ses-02_task-generalsocialcommunicationinteraction_run-05_desc-processed_COI_bboxes.h5,sub-B1L0B3F6F1_ses-02_task-generalsocialcommunicationinteraction_run-05_desc-processed_beh
sub-B1L0B3F6F1_ses-02_task-generalsocialcommunicationinteraction_run-07_desc-processed_COI_bboxes.h5,sub-B1L0B3F6F1_ses-02_task-generalsocialcommunicationinteraction_run-07_desc-processed_beh
sub-B1L0B3F6F1_ses-02_task-generalsocialcommunicationinteraction_run-08_desc-processed_COI_bboxes.h5,sub-B1L0B3F6F1_ses-02_task-generalsocialcommunicationinteraction_run-08_desc-processed_beh
sub-B1L0B3F6F1_ses-02_task-toyplay_run-01_desc-processed_COI_bboxes.h5,sub-B1L0B3F6F1_ses-02_task-toyplay_run-01_desc-processed_beh
sub-B1S3L8Q7Y6_ses-01_task-dailyroutine_run-01_desc-processed_COI_bboxes.h5,sub-B1S3L8Q7Y6_ses-01_task-dailyroutine_run-01_desc-processed_beh
sub-B1S3L8Q7Y6_ses-01_task-dailyroutine_run-04_desc-processed_COI_bboxes.h5,sub-B1S3L8Q7Y6_ses-01_task-dailyroutine_run-04_desc-processed_beh
sub-B1S3L8Q7Y6_ses-01_task-dailyroutine_run-05_desc-processed_COI_bboxes.h5,sub-B1S3L8Q7Y6_ses-01_task-dailyroutine_run-05_desc-processed_beh
sub-B1S3L8Q7Y6_ses-01_task-dailyroutine_run-06_desc-processed_COI_bboxes.h5,sub-B1S3L8Q7Y6_ses-01_task-dailyroutine_run-06_desc-processed_beh
sub-B1S3L8Q7Y6_ses-01_task-dailyroutine_run-07_desc-processed_COI_bboxes.h5,sub-B1S3L8Q7Y6_ses-01_task-dailyroutine_run-07_desc-processed_beh
sub-B1S3L8Q7Y6_ses-01_task-dailyroutine_run-08_desc-processed_COI_bboxes.h5,sub-B1S3L8Q7Y6_ses-01_task-dailyroutine_run-08_desc-processed_beh
sub-B1S3L8Q7Y6_ses-01_task-generalsocialcommunicationinteraction_run-03_desc-processed_COI_bboxes.h5,sub-B1S3L8Q7Y6_ses-01_task-generalsocialcommunicationinteraction_run-03_desc-processed_beh
sub-B1S3L8Q7Y6_ses-01_task-generalsocialcommunicationinteraction_run-06_desc-processed_COI_bboxes.h5,sub-B1S3L8Q7Y6_ses-01_task-generalsocialcommunicationinteraction_run-06_desc-processed_beh
sub-B1S3L8Q7Y6_ses-01_task-generalsocialcommunicationinteraction_run-07_desc-processed_COI_bboxes.h5,sub-B1S3L8Q7Y6_ses-01_task-generalsocialcommunicationinteraction_run-07_desc-processed_beh
sub-B1S3L8Q7Y6_ses-01_task-generalsocialcommunicationinteraction_run-08_desc-processed_COI_bboxes.h5,sub-B1S3L8Q7Y6_ses-01_task-generalsocialcommunicationinteraction_run-08_desc-processed_beh
sub-B1S3L8Q7Y6_ses-01_task-generalsocialcommunicationinteraction_run-09_desc-processed_COI_bboxes.h5,sub-B1S3L8Q7Y6_ses-01_task-generalsocialcommunicationinteraction_run-09_desc-processed_beh
sub-B1S3L8Q7Y6_ses-01_task-generalsocialcommunicationinteraction_run-10_desc-processed_COI_bboxes.h5,sub-B1S3L8Q7Y6_ses-01_task-generalsocialcommunicationinteraction_run-10_desc-processed_beh
sub-B1S3L8Q7Y6_ses-01_task-generalsocialcommunicationinteraction_run-13_desc-processed_COI_bboxes.h5,sub-B1S3L8Q7Y6_ses-01_task-generalsocialcommunicationinteraction_run-13_desc-processed_beh
sub-B1S3L8Q7Y6_ses-01_task-generalsocialcommunicationinteraction_run-14_desc-processed_COI_bboxes.h5,sub-B1S3L8Q7Y6_ses-01_task-generalsocialcommunicationinteraction_run-14_desc-processed_beh
sub-B1S3L8Q7Y6_ses-01_task-motorplay_run-01_desc-processed_COI_bboxes.h5,sub-B1S3L8Q7Y6_ses-01_task-motorplay_run-01_desc-processed_beh
sub-B1S3L8Q7Y6_ses-01_task-motorplay_run-03_desc-processed_COI_bboxes.h5,sub-B1S3L8Q7Y6_ses-01_task-motorplay_run-03_desc-processed_beh
sub-B1S3L8Q7Y6_ses-01_task-motorplay_run-04_desc-processed_COI_bboxes.h5,sub-B1S3L8Q7Y6_ses-01_task-motorplay_run-04_desc-processed_beh
sub-B1S3L8Q7Y6_ses-01_task-motorplay_run-05_desc-processed_COI_bboxes.h5,sub-B1S3L8Q7Y6_ses-01_task-motorplay_run-05_desc-processed_beh
sub-B1S3L8Q7Y6_ses-01_task-motorplay_run-07_desc-processed_COI_bboxes.h5,sub-B1S3L8Q7Y6_ses-01_task-motorplay_run-07_desc-processed_beh
sub-B1S3L8Q7Y6_ses-01_task-other_run-01_desc-processed_COI_bboxes.h5,sub-B1S3L8Q7Y6_ses-01_task-other_run-01_desc-processed_beh
sub-B1S3L8Q7Y6_ses-01_task-other_run-03_desc-processed_COI_bboxes.h5,sub-B1S3L8Q7Y6_ses-01_task-other_run-03_desc-processed_beh
sub-B1S3L8Q7Y6_ses-01_task-other_run-04_desc-processed_COI_bboxes.h5,sub-B1S3L8Q7Y6_ses-01_task-other_run-04_desc-processed_beh
sub-B1S3L8Q7Y6_ses-01_task-other_run-06_desc-processed_COI_bboxes.h5,sub-B1S3L8Q7Y6_ses-01_task-other_run-06_desc-processed_beh
sub-B1S3L8Q7Y6_ses-01_task-toyplay_run-01_desc-processed_COI_bboxes.h5,sub-B1S3L8Q7Y6_ses-01_task-toyplay_run-01_desc-processed_beh
sub-B1S3L8Q7Y6_ses-01_task-toyplay_run-02_desc-processed_COI_bboxes.h5,sub-B1S3L8Q7Y6_ses-01_task-toyplay_run-02_desc-processed_beh
sub-B1S3L8Q7Y6_ses-01_task-toyplay_run-05_desc-processed_COI_bboxes.h5,sub-B1S3L8Q7Y6_ses-01_task-toyplay_run-05_desc-processed_beh
sub-B1S3L8Q7Y6_ses-01_task-toyplay_run-06_desc-processed_COI_bboxes.h5,sub-B1S3L8Q7Y6_ses-01_task-toyplay_run-06_desc-processed_beh
sub-B1S3L8Q7Y6_ses-01_task-toyplay_run-07_desc-processed_COI_bboxes.h5,sub-B1S3L8Q7Y6_ses-01_task-toyplay_run-07_desc-processed_beh
sub-B1S3L8Q7Y6_ses-01_task-toyplay_run-09_desc-processed_COI_bboxes.h5,sub-B1S3L8Q7Y6_ses-01_task-toyplay_run-09_desc-processed_beh
sub-B1S3L8Q7Y6_ses-01_task-toyplay_run-11_desc-processed_COI_bboxes.h5,sub-B1S3L8Q7Y6_ses-01_task-toyplay_run-11_desc-processed_beh
sub-B1S3L8Q7Y6_ses-01_task-toyplay_run-12_desc-processed_COI_bboxes.h5,sub-B1S3L8Q7Y6_ses-01_task-toyplay_run-12_desc-processed_beh
sub-B2R3Q8L2Y3_ses-01_task-dailyroutine_run-01_desc-processed_COI_bboxes.h5,sub-B2R3Q8L2Y3_ses-01_task-dailyroutine_run-01_desc-processed_beh
sub-B2R3Q8L2Y3_ses-01_task-generalsocialcommunicationinteraction_run-01_desc-processed_COI_bboxes.h5,sub-B2R3Q8L2Y3_ses-01_task-generalsocialcommunicationinteraction_run-01_desc-processed_beh
sub-B2R3Q8L2Y3_ses-01_task-generalsocialcommunicationinteraction_run-03_desc-processed_COI_bboxes.h5,sub-B2R3Q8L2Y3_ses-01_task-generalsocialcommunicationinteraction_run-03_desc-processed_beh
sub-B2R3Q8L2Y3_ses-01_task-generalsocialcommunicationinteraction_run-04_desc-processed_COI_bboxes.h5,sub-B2R3Q8L2Y3_ses-01_task-generalsocialcommunicationinteraction_run-04_desc-processed_beh
sub-B2R3Q8L2Y3_ses-01_task-motorplay_run-01_desc-processed_COI_bboxes.h5,sub-B2R3Q8L2Y3_ses-01_task-motorplay_run-01_desc-processed_beh
sub-B2R3Q8L2Y3_ses-01_task-other_run-01_desc-processed_COI_bboxes.h5,sub-B2R3Q8L2Y3_ses-01_task-other_run-01_desc-processed_beh
sub-B2R3Q8L2Y3_ses-01_task-toyplay_run-01_desc-processed_COI_bboxes.h5,sub-B2R3Q8L2Y3_ses-01_task-toyplay_run-01_desc-processed_beh
sub-B2R3Q8L2Y3_ses-01_task-toyplay_run-02_desc-processed_COI_bboxes.h5,sub-B2R3Q8L2Y3_ses-01_task-toyplay_run-02_desc-processed_beh
sub-B2R3Q8L2Y3_ses-01_task-toyplay_run-03_desc-processed_COI_bboxes.h5,sub-B2R3Q8L2Y3_ses-01_task-toyplay_run-03_desc-processed_beh
sub-B2R3Q8L2Y3_ses-02_task-bookshare_run-01_desc-processed_COI_bboxes.h5,sub-B2R3Q8L2Y3_ses-02_task-bookshare_run-01_desc-processed_beh
sub-B2R3Q8L2Y3_ses-02_task-generalsocialcommunicationinteraction_run-01_desc-processed_COI_bboxes.h5,sub-B2R3Q8L2Y3_ses-02_task-generalsocialcommunicationinteraction_run-01_desc-processed_beh
sub-B2R3Q8L2Y3_ses-02_task-generalsocialcommunicationinteraction_run-02_desc-processed_COI_bboxes.h5,sub-B2R3Q8L2Y3_ses-02_task-generalsocialcommunicationinteraction_run-02_desc-processed_beh
sub-B2R3Q8L2Y3_ses-02_task-generalsocialcommunicationinteraction_run-03_desc-processed_COI_bboxes.h5,sub-B2R3Q8L2Y3_ses-02_task-generalsocialcommunicationinteraction_run-03_desc-processed_beh
sub-B2R3Q8L2Y3_ses-02_task-generalsocialcommunicationinteraction_run-04_desc-processed_COI_bboxes.h5,sub-B2R3Q8L2Y3_ses-02_task-generalsocialcommunicationinteraction_run-04_desc-processed_beh
sub-B2R3Q8L2Y3_ses-02_task-motorplay_run-01_desc-processed_COI_bboxes.h5,sub-B2R3Q8L2Y3_ses-02_task-motorplay_run-01_desc-processed_beh
sub-B2R3Q8L2Y3_ses-02_task-other_run-01_desc-processed_COI_bboxes.h5,sub-B2R3Q8L2Y3_ses-02_task-other_run-01_desc-processed_beh
sub-B2R3Q8L2Y3_ses-02_task-toyplay_run-01_desc-processed_COI_bboxes.h5,sub-B2R3Q8L2Y3_ses-02_task-toyplay_run-01_desc-processed_beh
sub-B4Q3G8H2N3 2_ses-01_task-unknown_run-03_desc-processed_COI_bboxes.h5,sub-B4Q3G8H2N3 2_ses-01_task-unknown_run-03_desc-processed_beh
sub-B4Q3G8H2N3 2_ses-01_task-unknown_run-04_desc-processed_COI_bboxes.h5,sub-B4Q3G8H2N3 2_ses-01_task-unknown_run-04_desc-processed_beh
sub-B4Q3G8H2N3 2_ses-01_task-unknown_run-05_desc-processed_COI_bboxes.h5,sub-B4Q3G8H2N3 2_ses-01_task-unknown_run-05_desc-processed_beh
sub-B4Q3G8H2N3 2_ses-01_task-unknown_run-07_desc-processed_COI_bboxes.h5,sub-B4Q3G8H2N3 2_ses-01_task-unknown_run-07_desc-processed_beh
sub-B4Q3G8H2N3 2_ses-01_task-unknown_run-09_desc-processed_COI_bboxes.h5,sub-B4Q3G8H2N3 2_ses-01_task-unknown_run-09_desc-processed_beh
sub-B4Q3G8H2N3 2_ses-01_task-unknown_run-10_desc-processed_COI_bboxes.h5,sub-B4Q3G8H2N3 2_ses-01_task-unknown_run-10_desc-processed_beh
sub-B4Q3G8H2N3 2_ses-01_task-unknown_run-11_desc-processed_COI_bboxes.h5,sub-B4Q3G8H2N3 2_ses-01_task-unknown_run-11_desc-processed_beh
sub-B4Q3G8H2N3 2_ses-01_task-unknown_run-16_desc-processed_COI_bboxes.h5,sub-B4Q3G8H2N3 2_ses-01_task-unknown_run-16_desc-processed_beh
sub-B4Q3G8H2N3_ses-01_task-bookshare_run-01_desc-processed_COI_bboxes.h5,sub-B4Q3G8H2N3_ses-01_task-bookshare_run-01_desc-processed_beh
sub-B4Q3G8H2N3_ses-01_task-dailyroutine_run-01_desc-processed_COI_bboxes.h5,sub-B4Q3G8H2N3_ses-01_task-dailyroutine_run-01_desc-processed_beh
sub-B4Q3G8H2N3_ses-01_task-generalsocialcommunicationinteraction_run-01_desc-processed_COI_bboxes.h5,sub-B4Q3G8H2N3_ses-01_task-generalsocialcommunicationinteraction_run-01_desc-processed_beh
sub-B4Q3G8H2N3_ses-01_task-generalsocialcommunicationinteraction_run-06_desc-processed_COI_bboxes.h5,sub-B4Q3G8H2N3_ses-01_task-generalsocialcommunicationinteraction_run-06_desc-processed_beh
sub-B4Q3G8H2N3_ses-01_task-other_run-01_desc-processed_COI_bboxes.h5,sub-B4Q3G8H2N3_ses-01_task-other_run-01_desc-processed_beh
sub-B4Q3G8H2N3_ses-01_task-other_run-02_desc-processed_COI_bboxes.h5,sub-B4Q3G8H2N3_ses-01_task-other_run-02_desc-processed_beh
sub-B4Q3G8H2N3_ses-02_task-bookshare_run-01_desc-processed_COI_bboxes.h5,sub-B4Q3G8H2N3_ses-02_task-bookshare_run-01_desc-processed_beh
sub-B4Q3G8H2N3_ses-02_task-bookshare_run-02_desc-processed_COI_bboxes.h5,sub-B4Q3G8H2N3_ses-02_task-bookshare_run-02_desc-processed_beh
sub-B4Q3G8H2N3_ses-02_task-generalsocialcommunicationinteraction_run-03_desc-processed_COI_bboxes.h5,sub-B4Q3G8H2N3_ses-02_task-generalsocialcommunicationinteraction_run-03_desc-processed_beh
sub-B4Q3G8H2N3_ses-02_task-generalsocialcommunicationinteraction_run-08_desc-processed_COI_bboxes.h5,sub-B4Q3G8H2N3_ses-02_task-generalsocialcommunicationinteraction_run-08_desc-processed_beh
sub-B8I6G9P2G8_ses-02_task-dailyroutine_run-02_desc-processed_COI_bboxes.h5,sub-B8I6G9P2G8_ses-02_task-dailyroutine_run-02_desc-processed_beh
sub-B8I6G9P2G8_ses-02_task-generalsocialcommunicationinteraction_run-01_desc-processed_COI_bboxes.h5,sub-B8I6G9P2G8_ses-02_task-generalsocialcommunicationinteraction_run-01_desc-processed_beh
sub-B8I6G9P2G8_ses-02_task-generalsocialcommunicationinteraction_run-03_desc-processed_COI_bboxes.h5,sub-B8I6G9P2G8_ses-02_task-generalsocialcommunicationinteraction_run-03_desc-processed_beh
sub-B8I6G9P2G8_ses-02_task-generalsocialcommunicationinteraction_run-04_desc-processed_COI_bboxes.h5,sub-B8I6G9P2G8_ses-02_task-generalsocialcommunicationinteraction_run-04_desc-processed_beh
sub-B8I6G9P2G8_ses-02_task-generalsocialcommunicationinteraction_run-06_desc-processed_COI_bboxes.h5,sub-B8I6G9P2G8_ses-02_task-generalsocialcommunicationinteraction_run-06_desc-processed_beh
sub-B8I6G9P2G8_ses-02_task-generalsocialcommunicationinteraction_run-08_desc-processed_COI_bboxes.h5,sub-B8I6G9P2G8_ses-02_task-generalsocialcommunicationinteraction_run-08_desc-processed_beh
sub-B8I6G9P2G8_ses-02_task-generalsocialcommunicationinteraction_run-09_desc-processed_COI_bboxes.h5,sub-B8I6G9P2G8_ses-02_task-generalsocialcommunicationinteraction_run-09_desc-processed_beh
sub-B8I6G9P2G8_ses-02_task-motorplay_run-01_desc-processed_COI_bboxes.h5,sub-B8I6G9P2G8_ses-02_task-motorplay_run-01_desc-processed_beh
sub-B8I6G9P2G8_ses-02_task-motorplay_run-04_desc-processed_COI_bboxes.h5,sub-B8I6G9P2G8_ses-02_task-motorplay_run-04_desc-processed_beh
sub-B8I6G9P2G8_ses-02_task-motorplay_run-08_desc-processed_COI_bboxes.h5,sub-B8I6G9P2G8_ses-02_task-motorplay_run-08_desc-processed_beh
sub-B8I6G9P2G8_ses-02_task-motorplay_run-09_desc-processed_COI_bboxes.h5,sub-B8I6G9P2G8_ses-02_task-motorplay_run-09_desc-processed_beh
sub-B8I6G9P2G8_ses-02_task-other_run-01_desc-processed_COI_bboxes.h5,sub-B8I6G9P2G8_ses-02_task-other_run-01_desc-processed_beh
sub-B8I6G9P2G8_ses-02_task-other_run-06_desc-processed_COI_bboxes.h5,sub-B8I6G9P2G8_ses-02_task-other_run-06_desc-processed_beh
sub-B8I6G9P2G8_ses-02_task-socialroutine_run-01_desc-processed_COI_bboxes.h5,sub-B8I6G9P2G8_ses-02_task-socialroutine_run-01_desc-processed_beh
sub-B9P5V1I5O5_ses-01_task-dailyroutine_run-01_desc-processed_COI_bboxes.h5,sub-B9P5V1I5O5_ses-01_task-dailyroutine_run-01_desc-processed_beh
sub-B9P5V1I5O5_ses-01_task-dailyroutine_run-02_desc-processed_COI_bboxes.h5,sub-B9P5V1I5O5_ses-01_task-dailyroutine_run-02_desc-processed_beh
sub-B9P5V1I5O5_ses-01_task-generalsocialcommunicationinteraction_run-01_desc-processed_COI_bboxes.h5,sub-B9P5V1I5O5_ses-01_task-generalsocialcommunicationinteraction_run-01_desc-processed_beh
sub-B9P5V1I5O5_ses-01_task-motorplay_run-02_desc-processed_COI_bboxes.h5,sub-B9P5V1I5O5_ses-01_task-motorplay_run-02_desc-processed_beh
sub-B9P5V1I5O5_ses-01_task-motorplay_run-04_desc-processed_COI_bboxes.h5,sub-B9P5V1I5O5_ses-01_task-motorplay_run-04_desc-processed_beh
sub-B9P5V1I5O5_ses-01_task-socialroutine_run-01_desc-processed_COI_bboxes.h5,sub-B9P5V1I5O5_ses-01_task-socialroutine_run-01_desc-processed_beh
sub-B9P5V1I5O5_ses-01_task-toyplay_run-03_desc-processed_COI_bboxes.h5,sub-B9P5V1I5O5_ses-01_task-toyplay_run-03_desc-processed_beh
sub-B9P5V1I5O5_ses-01_task-toyplay_run-06_desc-processed_COI_bboxes.h5,sub-B9P5V1I5O5_ses-01_task-toyplay_run-06_desc-processed_beh
sub-B9P5V1I5O5_ses-02_task-dailyroutine_run-01_desc-processed_COI_bboxes.h5,sub-B9P5V1I5O5_ses-02_task-dailyroutine_run-01_desc-processed_beh
sub-B9P5V1I5O5_ses-02_task-dailyroutine_run-02_desc-processed_COI_bboxes.h5,sub-B9P5V1I5O5_ses-02_task-dailyroutine_run-02_desc-processed_beh
sub-B9P5V1I5O5_ses-02_task-dailyroutine_run-03_desc-processed_COI_bboxes.h5,sub-B9P5V1I5O5_ses-02_task-dailyroutine_run-03_desc-processed_beh
sub-B9P5V1I5O5_ses-02_task-motorplay_run-02_desc-processed_COI_bboxes.h5,sub-B9P5V1I5O5_ses-02_task-motorplay_run-02_desc-processed_beh
sub-B9P5V1I5O5_ses-02_task-motorplay_run-03_desc-processed_COI_bboxes.h5,sub-B9P5V1I5O5_ses-02_task-motorplay_run-03_desc-processed_beh
sub-B9P5V1I5O5_ses-02_task-other_run-01_desc-processed_COI_bboxes.h5,sub-B9P5V1I5O5_ses-02_task-other_run-01_desc-processed_beh
sub-B9P5V1I5O5_ses-02_task-toyplay_run-01_desc-processed_COI_bboxes.h5,sub-B9P5V1I5O5_ses-02_task-toyplay_run-01_desc-processed_beh
sub-C0O6X3N5Y7_ses-01_task-bookshare_run-01_desc-processed_COI_bboxes.h5,sub-C0O6X3N5Y7_ses-01_task-bookshare_run-01_desc-processed_beh
sub-C0O6X3N5Y7_ses-01_task-dailyroutine_run-01_desc-processed_COI_bboxes.h5,sub-C0O6X3N5Y7_ses-01_task-dailyroutine_run-01_desc-processed_beh
sub-C0O6X3N5Y7_ses-01_task-dailyroutine_run-02_desc-processed_COI_bboxes.h5,sub-C0O6X3N5Y7_ses-01_task-dailyroutine_run-02_desc-processed_beh
sub-C0O6X3N5Y7_ses-01_task-generalsocialcommunicationinteraction_run-03_desc-processed_COI_bboxes.h5,sub-C0O6X3N5Y7_ses-01_task-generalsocialcommunicationinteraction_run-03_desc-processed_beh
sub-C0O6X3N5Y7_ses-01_task-generalsocialcommunicationinteraction_run-05_desc-processed_COI_bboxes.h5,sub-C0O6X3N5Y7_ses-01_task-generalsocialcommunicationinteraction_run-05_desc-processed_beh
sub-C0O6X3N5Y7_ses-01_task-generalsocialcommunicationinteraction_run-13_desc-processed_COI_bboxes.h5,sub-C0O6X3N5Y7_ses-01_task-generalsocialcommunicationinteraction_run-13_desc-processed_beh
sub-C0O6X3N5Y7_ses-01_task-generalsocialcommunicationinteraction_run-14_desc-processed_COI_bboxes.h5,sub-C0O6X3N5Y7_ses-01_task-generalsocialcommunicationinteraction_run-14_desc-processed_beh
sub-C0O6X3N5Y7_ses-01_task-socialroutine_run-01_desc-processed_COI_bboxes.h5,sub-C0O6X3N5Y7_ses-01_task-socialroutine_run-01_desc-processed_beh
sub-C0O6X3N5Y7_ses-01_task-socialroutine_run-02_desc-processed_COI_bboxes.h5,sub-C0O6X3N5Y7_ses-01_task-socialroutine_run-02_desc-processed_beh
sub-C0O6X3N5Y7_ses-01_task-socialroutine_run-03_desc-processed_COI_bboxes.h5,sub-C0O6X3N5Y7_ses-01_task-socialroutine_run-03_desc-processed_beh
sub-C0O6X3N5Y7_ses-01_task-socialroutine_run-04_desc-processed_COI_bboxes.h5,sub-C0O6X3N5Y7_ses-01_task-socialroutine_run-04_desc-processed_beh
sub-C0O6X3N5Y7_ses-01_task-toyplay_run-01_desc-processed_COI_bboxes.h5,sub-C0O6X3N5Y7_ses-01_task-toyplay_run-01_desc-processed_beh
sub-C0O6X3N5Y7_ses-01_task-toyplay_run-03_desc-processed_COI_bboxes.h5,sub-C0O6X3N5Y7_ses-01_task-toyplay_run-03_desc-processed_beh
sub-C0O6X3N5Y7_ses-01_task-toyplay_run-04_desc-processed_COI_bboxes.h5,sub-C0O6X3N5Y7_ses-01_task-toyplay_run-04_desc-processed_beh
sub-C0O6X3N5Y7_ses-01_task-toyplay_run-12_desc-processed_COI_bboxes.h5,sub-C0O6X3N5Y7_ses-01_task-toyplay_run-12_desc-processed_beh
sub-C0O6X3N5Y7_ses-01_task-toyplay_run-15_desc-processed_COI_bboxes.h5,sub-C0O6X3N5Y7_ses-01_task-toyplay_run-15_desc-processed_beh
sub-C0O6X3N5Y7_ses-02_task-dailyroutine_run-01_desc-processed_COI_bboxes.h5,sub-C0O6X3N5Y7_ses-02_task-dailyroutine_run-01_desc-processed_beh
sub-C0O6X3N5Y7_ses-02_task-generalsocialcommunicationinteraction_run-03_desc-processed_COI_bboxes.h5,sub-C0O6X3N5Y7_ses-02_task-generalsocialcommunicationinteraction_run-03_desc-processed_beh
sub-C0O6X3N5Y7_ses-02_task-generalsocialcommunicationinteraction_run-06_desc-processed_COI_bboxes.h5,sub-C0O6X3N5Y7_ses-02_task-generalsocialcommunicationinteraction_run-06_desc-processed_beh
sub-C0O6X3N5Y7_ses-02_task-generalsocialcommunicationinteraction_run-08_desc-processed_COI_bboxes.h5,sub-C0O6X3N5Y7_ses-02_task-generalsocialcommunicationinteraction_run-08_desc-processed_beh
sub-C0O6X3N5Y7_ses-02_task-generalsocialcommunicationinteraction_run-10_desc-processed_COI_bboxes.h5,sub-C0O6X3N5Y7_ses-02_task-generalsocialcommunicationinteraction_run-10_desc-processed_beh
sub-C0O6X3N5Y7_ses-02_task-generalsocialcommunicationinteraction_run-11_desc-processed_COI_bboxes.h5,sub-C0O6X3N5Y7_ses-02_task-generalsocialcommunicationinteraction_run-11_desc-processed_beh
sub-C0O6X3N5Y7_ses-02_task-motorplay_run-02_desc-processed_COI_bboxes.h5,sub-C0O6X3N5Y7_ses-02_task-motorplay_run-02_desc-processed_beh
sub-C0O6X3N5Y7_ses-02_task-motorplay_run-03_desc-processed_COI_bboxes.h5,sub-C0O6X3N5Y7_ses-02_task-motorplay_run-03_desc-processed_beh
sub-C1G1X2G4C6_ses-01_task-motorplay_run-01_desc-processed_COI_bboxes.h5,sub-C1G1X2G4C6_ses-01_task-motorplay_run-01_desc-processed_beh
sub-C1G1X2G4C6_ses-01_task-socialroutine_run-01_desc-processed_COI_bboxes.h5,sub-C1G1X2G4C6_ses-01_task-socialroutine_run-01_desc-processed_beh
sub-C1G1X2G4C6_ses-01_task-toyplay_run-02_desc-processed_COI_bboxes.h5,sub-C1G1X2G4C6_ses-01_task-toyplay_run-02_desc-processed_beh
sub-C1G1X2G4C6_ses-01_task-toyplay_run-05_desc-processed_COI_bboxes.h5,sub-C1G1X2G4C6_ses-01_task-toyplay_run-05_desc-processed_beh
sub-C1G1X2G4C6_ses-02_task-generalsocialcommunicationinteraction_run-01_desc-processed_COI_bboxes.h5,sub-C1G1X2G4C6_ses-02_task-generalsocialcommunicationinteraction_run-01_desc-processed_beh
sub-C1G1X2G4C6_ses-02_task-other_run-01_desc-processed_COI_bboxes.h5,sub-C1G1X2G4C6_ses-02_task-other_run-01_desc-processed_beh
sub-C1G1X2G4C6_ses-02_task-other_run-02_desc-processed_COI_bboxes.h5,sub-C1G1X2G4C6_ses-02_task-other_run-02_desc-processed_beh
sub-C1G1X2G4C6_ses-02_task-specialoccasion_run-01_desc-processed_COI_bboxes.h5,sub-C1G1X2G4C6_ses-02_task-specialoccasion_run-01_desc-processed_beh
sub-C1G1X2G4C6_ses-02_task-toyplay_run-01_desc-processed_COI_bboxes.h5,sub-C1G1X2G4C6_ses-02_task-toyplay_run-01_desc-processed_beh
sub-C1G1X2G4C6_ses-02_task-toyplay_run-02_desc-processed_COI_bboxes.h5,sub-C1G1X2G4C6_ses-02_task-toyplay_run-02_desc-processed_beh
sub-C1G1X2G4C6_ses-02_task-toyplay_run-04_desc-processed_COI_bboxes.h5,sub-C1G1X2G4C6_ses-02_task-toyplay_run-04_desc-processed_beh
sub-C1G1X2G4C6_ses-02_task-toyplay_run-06_desc-processed_COI_bboxes.h5,sub-C1G1X2G4C6_ses-02_task-toyplay_run-06_desc-processed_beh
sub-C1I8N8L4Q4_ses-01_task-generalsocialcommunicationinteraction_run-01_desc-processed_COI_bboxes.h5,sub-C1I8N8L4Q4_ses-01_task-generalsocialcommunicationinteraction_run-01_desc-processed_beh
sub-C1I8N8L4Q4_ses-01_task-generalsocialcommunicationinteraction_run-03_desc-processed_COI_bboxes.h5,sub-C1I8N8L4Q4_ses-01_task-generalsocialcommunicationinteraction_run-03_desc-processed_beh
sub-C1I8N8L4Q4_ses-01_task-toyplay_run-01_desc-processed_COI_bboxes.h5,sub-C1I8N8L4Q4_ses-01_task-toyplay_run-01_desc-processed_beh
sub-C1I8N8L4Q4_ses-02_task-generalsocialcommunicationinteraction_run-02_desc-processed_COI_bboxes.h5,sub-C1I8N8L4Q4_ses-02_task-generalsocialcommunicationinteraction_run-02_desc-processed_beh
sub-C1I8N8L4Q4_ses-02_task-generalsocialcommunicationinteraction_run-03_desc-processed_COI_bboxes.h5,sub-C1I8N8L4Q4_ses-02_task-generalsocialcommunicationinteraction_run-03_desc-processed_beh
sub-C1I8N8L4Q4_ses-02_task-generalsocialcommunicationinteraction_run-04_desc-processed_COI_bboxes.h5,sub-C1I8N8L4Q4_ses-02_task-generalsocialcommunicationinteraction_run-04_desc-processed_beh
sub-C1I8N8L4Q4_ses-02_task-generalsocialcommunicationinteraction_run-07_desc-processed_COI_bboxes.h5,sub-C1I8N8L4Q4_ses-02_task-generalsocialcommunicationinteraction_run-07_desc-processed_beh
sub-C4C7T6W2I0_ses-02_task-socialroutine_run-01_desc-processed_COI_bboxes.h5,sub-C4C7T6W2I0_ses-02_task-socialroutine_run-01_desc-processed_beh
sub-C5U1P3X9F0_ses-01_task-bookshare_run-01_desc-processed_COI_bboxes.h5,sub-C5U1P3X9F0_ses-01_task-bookshare_run-01_desc-processed_beh
sub-C5U1P3X9F0_ses-01_task-bookshare_run-02_desc-processed_COI_bboxes.h5,sub-C5U1P3X9F0_ses-01_task-bookshare_run-02_desc-processed_beh
sub-C5U1P3X9F0_ses-01_task-dailyroutine_run-01_desc-processed_COI_bboxes.h5,sub-C5U1P3X9F0_ses-01_task-dailyroutine_run-01_desc-processed_beh
sub-C5U1P3X9F0_ses-01_task-dailyroutine_run-02_desc-processed_COI_bboxes.h5,sub-C5U1P3X9F0_ses-01_task-dailyroutine_run-02_desc-processed_beh
sub-C5U1P3X9F0_ses-01_task-dailyroutine_run-03_desc-processed_COI_bboxes.h5,sub-C5U1P3X9F0_ses-01_task-dailyroutine_run-03_desc-processed_beh
sub-C5U1P3X9F0_ses-01_task-generalsocialcommunicationinteraction_run-01_desc-processed_COI_bboxes.h5,sub-C5U1P3X9F0_ses-01_task-generalsocialcommunicationinteraction_run-01_desc-processed_beh
sub-C5U1P3X9F0_ses-01_task-generalsocialcommunicationinteraction_run-02_desc-processed_COI_bboxes.h5,sub-C5U1P3X9F0_ses-01_task-generalsocialcommunicationinteraction_run-02_desc-processed_beh
sub-C5U1P3X9F0_ses-01_task-generalsocialcommunicationinteraction_run-03_desc-processed_COI_bboxes.h5,sub-C5U1P3X9F0_ses-01_task-generalsocialcommunicationinteraction_run-03_desc-processed_beh
sub-C5U1P3X9F0_ses-01_task-generalsocialcommunicationinteraction_run-05_desc-processed_COI_bboxes.h5,sub-C5U1P3X9F0_ses-01_task-generalsocialcommunicationinteraction_run-05_desc-processed_beh
sub-C5U1P3X9F0_ses-01_task-generalsocialcommunicationinteraction_run-06_desc-processed_COI_bboxes.h5,sub-C5U1P3X9F0_ses-01_task-generalsocialcommunicationinteraction_run-06_desc-processed_beh
sub-C5U1P3X9F0_ses-01_task-generalsocialcommunicationinteraction_run-07_desc-processed_COI_bboxes.h5,sub-C5U1P3X9F0_ses-01_task-generalsocialcommunicationinteraction_run-07_desc-processed_beh
sub-C5U1P3X9F0_ses-01_task-motorplay_run-01_desc-processed_COI_bboxes.h5,sub-C5U1P3X9F0_ses-01_task-motorplay_run-01_desc-processed_beh
sub-C5U1P3X9F0_ses-01_task-motorplay_run-04_desc-processed_COI_bboxes.h5,sub-C5U1P3X9F0_ses-01_task-motorplay_run-04_desc-processed_beh
sub-C5U1P3X9F0_ses-01_task-other_run-01_desc-processed_COI_bboxes.h5,sub-C5U1P3X9F0_ses-01_task-other_run-01_desc-processed_beh
sub-C5U1P3X9F0_ses-01_task-other_run-02_desc-processed_COI_bboxes.h5,sub-C5U1P3X9F0_ses-01_task-other_run-02_desc-processed_beh
sub-C5U1P3X9F0_ses-01_task-other_run-03_desc-processed_COI_bboxes.h5,sub-C5U1P3X9F0_ses-01_task-other_run-03_desc-processed_beh
sub-C5U1P3X9F0_ses-01_task-other_run-04_desc-processed_COI_bboxes.h5,sub-C5U1P3X9F0_ses-01_task-other_run-04_desc-processed_beh
sub-C5U1P3X9F0_ses-01_task-toyplay_run-02_desc-processed_COI_bboxes.h5,sub-C5U1P3X9F0_ses-01_task-toyplay_run-02_desc-processed_beh
sub-C5U1P3X9F0_ses-01_task-toyplay_run-05_desc-processed_COI_bboxes.h5,sub-C5U1P3X9F0_ses-01_task-toyplay_run-05_desc-processed_beh
sub-C5U1P3X9F0_ses-01_task-toyplay_run-06_desc-processed_COI_bboxes.h5,sub-C5U1P3X9F0_ses-01_task-toyplay_run-06_desc-processed_beh
sub-C5U1P3X9F0_ses-01_task-toyplay_run-09_desc-processed_COI_bboxes.h5,sub-C5U1P3X9F0_ses-01_task-toyplay_run-09_desc-processed_beh
sub-C5U1P3X9F0_ses-01_task-toyplay_run-10_desc-processed_COI_bboxes.h5,sub-C5U1P3X9F0_ses-01_task-toyplay_run-10_desc-processed_beh
sub-C5U1P3X9F0_ses-01_task-toyplay_run-11_desc-processed_COI_bboxes.h5,sub-C5U1P3X9F0_ses-01_task-toyplay_run-11_desc-processed_beh
sub-C5U1P3X9F0_ses-01_task-toyplay_run-12_desc-processed_COI_bboxes.h5,sub-C5U1P3X9F0_ses-01_task-toyplay_run-12_desc-processed_beh
sub-C5U1P3X9F0_ses-02_task-dailyroutine_run-01_desc-processed_COI_bboxes.h5,sub-C5U1P3X9F0_ses-02_task-dailyroutine_run-01_desc-processed_beh
sub-C5U1P3X9F0_ses-02_task-generalsocialcommunicationinteraction_run-02_desc-processed_COI_bboxes.h5,sub-C5U1P3X9F0_ses-02_task-generalsocialcommunicationinteraction_run-02_desc-processed_beh
sub-C5U1P3X9F0_ses-02_task-generalsocialcommunicationinteraction_run-03_desc-processed_COI_bboxes.h5,sub-C5U1P3X9F0_ses-02_task-generalsocialcommunicationinteraction_run-03_desc-processed_beh
sub-C5U1P3X9F0_ses-02_task-motorplay_run-01_desc-processed_COI_bboxes.h5,sub-C5U1P3X9F0_ses-02_task-motorplay_run-01_desc-processed_beh
sub-C5U1P3X9F0_ses-02_task-other_run-03_desc-processed_COI_bboxes.h5,sub-C5U1P3X9F0_ses-02_task-other_run-03_desc-processed_beh
sub-C5Z9H8S3N8_ses-02_task-generalsocialcommunicationinteraction_run-01_desc-processed_COI_bboxes.h5,sub-C5Z9H8S3N8_ses-02_task-generalsocialcommunicationinteraction_run-01_desc-processed_beh
sub-C5Z9H8S3N8_ses-02_task-generalsocialcommunicationinteraction_run-04_desc-processed_COI_bboxes.h5,sub-C5Z9H8S3N8_ses-02_task-generalsocialcommunicationinteraction_run-04_desc-processed_beh
sub-C5Z9H8S3N8_ses-02_task-generalsocialcommunicationinteraction_run-05_desc-processed_COI_bboxes.h5,sub-C5Z9H8S3N8_ses-02_task-generalsocialcommunicationinteraction_run-05_desc-processed_beh
sub-C5Z9H8S3N8_ses-02_task-other_run-01_desc-processed_COI_bboxes.h5,sub-C5Z9H8S3N8_ses-02_task-other_run-01_desc-processed_beh
sub-D7O9E3F9P9_ses-02_task-other_run-01_desc-processed_COI_bboxes.h5,sub-D7O9E3F9P9_ses-02_task-other_run-01_desc-processed_beh
sub-D7O9E3F9P9_ses-02_task-other_run-02_desc-processed_COI_bboxes.h5,sub-D7O9E3F9P9_ses-02_task-other_run-02_desc-processed_beh
sub-D7O9E3F9P9_ses-02_task-unknown_run-01_desc-processed_COI_bboxes.h5,sub-D7O9E3F9P9_ses-02_task-unknown_run-01_desc-processed_beh
sub-D7O9E3F9P9_ses-02_task-unknown_run-02_desc-processed_COI_bboxes.h5,sub-D7O9E3F9P9_ses-02_task-unknown_run-02_desc-processed_beh
sub-D8G5K7I0D6_ses-01_task-generalsocialcommunicationinteraction_run-03_desc-processed_COI_bboxes.h5,sub-D8G5K7I0D6_ses-01_task-generalsocialcommunicationinteraction_run-03_desc-processed_beh
sub-D8G5K7I0D6_ses-01_task-generalsocialcommunicationinteraction_run-05_desc-processed_COI_bboxes.h5,sub-D8G5K7I0D6_ses-01_task-generalsocialcommunicationinteraction_run-05_desc-processed_beh
sub-D8G5K7I0D6_ses-01_task-generalsocialcommunicationinteraction_run-07_desc-processed_COI_bboxes.h5,sub-D8G5K7I0D6_ses-01_task-generalsocialcommunicationinteraction_run-07_desc-processed_beh
sub-D8G5K7I0D6_ses-01_task-socialroutine_run-01_desc-processed_COI_bboxes.h5,sub-D8G5K7I0D6_ses-01_task-socialroutine_run-01_desc-processed_beh
sub-D8G5K7I0D6_ses-01_task-toyplay_run-01_desc-processed_COI_bboxes.h5,sub-D8G5K7I0D6_ses-01_task-toyplay_run-01_desc-processed_beh
sub-D8G5K7I0D6_ses-02_task-motorplay_run-03_desc-processed_COI_bboxes.h5,sub-D8G5K7I0D6_ses-02_task-motorplay_run-03_desc-processed_beh
sub-D8G5K7I0D6_ses-02_task-motorplay_run-05_desc-processed_COI_bboxes.h5,sub-D8G5K7I0D6_ses-02_task-motorplay_run-05_desc-processed_beh
sub-D8G5K7I0D6_ses-02_task-toyplay_run-01_desc-processed_COI_bboxes.h5,sub-D8G5K7I0D6_ses-02_task-toyplay_run-01_desc-processed_beh
sub-D8O8B2C4X2_ses-01_task-generalsocialcommunicationinteraction_run-02_desc-processed_COI_bboxes.h5,sub-D8O8B2C4X2_ses-01_task-generalsocialcommunicationinteraction_run-02_desc-processed_beh
sub-D8O8B2C4X2_ses-01_task-generalsocialcommunicationinteraction_run-04_desc-processed_COI_bboxes.h5,sub-D8O8B2C4X2_ses-01_task-generalsocialcommunicationinteraction_run-04_desc-processed_beh
sub-D8O8B2C4X2_ses-01_task-generalsocialcommunicationinteraction_run-06_desc-processed_COI_bboxes.h5,sub-D8O8B2C4X2_ses-01_task-generalsocialcommunicationinteraction_run-06_desc-processed_beh
sub-D8O8B2C4X2_ses-01_task-motorplay_run-01_desc-processed_COI_bboxes.h5,sub-D8O8B2C4X2_ses-01_task-motorplay_run-01_desc-processed_beh
sub-D8O8B2C4X2_ses-01_task-other_run-01_desc-processed_COI_bboxes.h5,sub-D8O8B2C4X2_ses-01_task-other_run-01_desc-processed_beh
sub-D8O8B2C4X2_ses-01_task-other_run-02_desc-processed_COI_bboxes.h5,sub-D8O8B2C4X2_ses-01_task-other_run-02_desc-processed_beh
sub-D8O8B2C4X2_ses-01_task-socialroutine_run-01_desc-processed_COI_bboxes.h5,sub-D8O8B2C4X2_ses-01_task-socialroutine_run-01_desc-processed_beh
sub-D8O8B2C4X2_ses-01_task-specialoccasion_run-01_desc-processed_COI_bboxes.h5,sub-D8O8B2C4X2_ses-01_task-specialoccasion_run-01_desc-processed_beh
sub-D8O8B2C4X2_ses-02_task-dailyroutine_run-01_desc-processed_COI_bboxes.h5,sub-D8O8B2C4X2_ses-02_task-dailyroutine_run-01_desc-processed_beh
sub-D8O8B2C4X2_ses-02_task-generalsocialcommunicationinteraction_run-01_desc-processed_COI_bboxes.h5,sub-D8O8B2C4X2_ses-02_task-generalsocialcommunicationinteraction_run-01_desc-processed_beh
sub-D8O8B2C4X2_ses-02_task-generalsocialcommunicationinteraction_run-02_desc-processed_COI_bboxes.h5,sub-D8O8B2C4X2_ses-02_task-generalsocialcommunicationinteraction_run-02_desc-processed_beh
sub-D8O8B2C4X2_ses-02_task-generalsocialcommunicationinteraction_run-03_desc-processed_COI_bboxes.h5,sub-D8O8B2C4X2_ses-02_task-generalsocialcommunicationinteraction_run-03_desc-processed_beh
sub-D8O8B2C4X2_ses-02_task-generalsocialcommunicationinteraction_run-04_desc-processed_COI_bboxes.h5,sub-D8O8B2C4X2_ses-02_task-generalsocialcommunicationinteraction_run-04_desc-processed_beh
sub-D8O8B2C4X2_ses-02_task-generalsocialcommunicationinteraction_run-06_desc-processed_COI_bboxes.h5,sub-D8O8B2C4X2_ses-02_task-generalsocialcommunicationinteraction_run-06_desc-processed_beh
sub-D8O8B2C4X2_ses-02_task-generalsocialcommunicationinteraction_run-07_desc-processed_COI_bboxes.h5,sub-D8O8B2C4X2_ses-02_task-generalsocialcommunicationinteraction_run-07_desc-processed_beh
sub-D8O8B2C4X2_ses-02_task-specialoccasion_run-01_desc-processed_COI_bboxes.h5,sub-D8O8B2C4X2_ses-02_task-specialoccasion_run-01_desc-processed_beh
sub-D8O8B2C4X2_ses-02_task-toyplay_run-01_desc-processed_COI_bboxes.h5,sub-D8O8B2C4X2_ses-02_task-toyplay_run-01_desc-processed_beh
sub-D8O8B2C4X2_ses-02_task-toyplay_run-02_desc-processed_COI_bboxes.h5,sub-D8O8B2C4X2_ses-02_task-toyplay_run-02_desc-processed_beh
sub-D8O8B2C4X2_ses-02_task-toyplay_run-04_desc-processed_COI_bboxes.h5,sub-D8O8B2C4X2_ses-02_task-toyplay_run-04_desc-processed_beh
sub-D9N0U7M9X3_ses-01_task-socialroutine_run-01_desc-processed_COI_bboxes.h5,sub-D9N0U7M9X3_ses-01_task-socialroutine_run-01_desc-processed_beh
sub-D9N0U7M9X3_ses-01_task-specialoccasion_run-02_desc-processed_COI_bboxes.h5,sub-D9N0U7M9X3_ses-01_task-specialoccasion_run-02_desc-processed_beh
sub-D9N0U7M9X3_ses-02_task-generalsocialcommunicationinteraction_run-03_desc-processed_COI_bboxes.h5,sub-D9N0U7M9X3_ses-02_task-generalsocialcommunicationinteraction_run-03_desc-processed_beh
sub-E2P5Q8S5A7_ses-01_task-dailyroutine_run-01_desc-processed_COI_bboxes.h5,sub-E2P5Q8S5A7_ses-01_task-dailyroutine_run-01_desc-processed_beh
sub-E2P5Q8S5A7_ses-01_task-generalsocialcommunicationinteraction_run-02_desc-processed_COI_bboxes.h5,sub-E2P5Q8S5A7_ses-01_task-generalsocialcommunicationinteraction_run-02_desc-processed_beh
sub-E2P5Q8S5A7_ses-01_task-generalsocialcommunicationinteraction_run-04_desc-processed_COI_bboxes.h5,sub-E2P5Q8S5A7_ses-01_task-generalsocialcommunicationinteraction_run-04_desc-processed_beh
sub-E2P5Q8S5A7_ses-01_task-generalsocialcommunicationinteraction_run-05_desc-processed_COI_bboxes.h5,sub-E2P5Q8S5A7_ses-01_task-generalsocialcommunicationinteraction_run-05_desc-processed_beh
sub-E2P5Q8S5A7_ses-01_task-generalsocialcommunicationinteraction_run-06_desc-processed_COI_bboxes.h5,sub-E2P5Q8S5A7_ses-01_task-generalsocialcommunicationinteraction_run-06_desc-processed_beh
sub-E2P5Q8S5A7_ses-01_task-other_run-01_desc-processed_COI_bboxes.h5,sub-E2P5Q8S5A7_ses-01_task-other_run-01_desc-processed_beh
sub-E2P5Q8S5A7_ses-01_task-other_run-02_desc-processed_COI_bboxes.h5,sub-E2P5Q8S5A7_ses-01_task-other_run-02_desc-processed_beh
sub-E2P5Q8S5A7_ses-01_task-other_run-03_desc-processed_COI_bboxes.h5,sub-E2P5Q8S5A7_ses-01_task-other_run-03_desc-processed_beh
sub-E2P5Q8S5A7_ses-01_task-other_run-04_desc-processed_COI_bboxes.h5,sub-E2P5Q8S5A7_ses-01_task-other_run-04_desc-processed_beh
sub-E2P5Q8S5A7_ses-01_task-other_run-05_desc-processed_COI_bboxes.h5,sub-E2P5Q8S5A7_ses-01_task-other_run-05_desc-processed_beh
sub-E2P5Q8S5A7_ses-01_task-toyplay_run-01_desc-processed_COI_bboxes.h5,sub-E2P5Q8S5A7_ses-01_task-toyplay_run-01_desc-processed_beh
sub-E2P5Q8S5A7_ses-01_task-toyplay_run-02_desc-processed_COI_bboxes.h5,sub-E2P5Q8S5A7_ses-01_task-toyplay_run-02_desc-processed_beh
